{"train_acc": [0.3061976549413735, 0.5055276381909548], "train_loss": [2.641199378257102, 2.4272393673024277], "valid_acc": [0.396, 0.5733333333333334], "valid_loss": [2.532157649385168, 2.3491242388461497], "_timestamp": 1711576308.1885827, "_runtime": 20.25469470024109, "_step": 0, "_wandb": {"runtime": 19}}