{"acc": 0.8887659370363831, "loss": 0.15332765247588143, "_timestamp": 1711575403.345922, "_runtime": 0.9159948825836182, "_step": 7, "_wandb": {"runtime": 0}}