{"train_acc": [0.2901172529313233], "train_loss": [2.640457287747809], "valid_acc": [0.4513333333333333], "valid_loss": [2.535760909953016], "_timestamp": 1711576220.192514, "_runtime": 12.724338054656982, "_step": 0, "_wandb": {"runtime": 11}}