{"acc": 0.828379316862168, "loss": 0.19138971613824693, "_timestamp": 1711575166.0587647, "_runtime": 0.9942216873168945, "_step": 7, "_wandb": {"runtime": 0}}