{"train_acc": 0.4917922948073702, "train_loss": 2.4337270082311426, "valid_acc": 0.536, "valid_loss": 2.366734355054003, "_timestamp": 1711576368.7798984, "_runtime": 20.21627950668335, "_step": 0, "_wandb": {"runtime": 19}}