{"acc": 0.8156087888981206, "loss": 0.2831054834580866, "_timestamp": 1711575427.1299603, "_runtime": 0.992011308670044, "_step": 7, "_wandb": {"runtime": 0}}