{"acc": 0.941028899855123, "loss": 0.09035300549815042, "_timestamp": 1711575134.121254, "_runtime": 1.0242400169372559, "_step": 7, "_wandb": {"runtime": 0}}