{"acc": 0.8567957994247155, "loss": 0.16319253581658696, "epochs": 10, "lr": 0.02, "_timestamp": 1711575244.0958695, "_runtime": 0.9468734264373779, "_step": 7, "_wandb": {"runtime": 0}}