{"acc": 0.8441813073598917, "loss": 0.175529326971749, "epochs": 10, "lr": 0.02, "_timestamp": 1711575364.0636504, "_runtime": 0.9083044528961182, "_step": 7, "_wandb": {"runtime": 0}}