{"acc": 0.8770600132542334, "loss": 0.0871159042900216, "_timestamp": 1711575174.5520365, "_runtime": 1.0416135787963867, "_step": 7, "_wandb": {"runtime": 0}}